{
  "project_info": {
    "project_number": "705173625703",
    "firebase_url": "https://ziml-36c0d.firebaseio.com",
    "project_id": "ziml-36c0d",
    "storage_bucket": "ziml-36c0d.appspot.com"
  },
  "client": [
    {
      "client_info": {
        "mobilesdk_app_id": "1:705173625703:android:832801947ed0a1ef",
        "android_client_info": {
          "package_name": "com.GyroD.ZIMLApp"
        }
      },
      "oauth_client": [
        {
          "client_id": "705173625703-pf0f8t5ego0f19ah7h77uabm1iup2ph0.apps.googleusercontent.com",
          "client_type": 3
        }
      ],
      "api_key": [
        {
          "current_key": "AIzaSyD7fIj2Xsz6oPvmtLrpQdMB62bf8ie4Ah0"
        }
      ],
      "services": {
        "analytics_service": {
          "status": 1
        },
        "appinvite_service": {
          "status": 1,
          "other_platform_oauth_client": []
        },
        "ads_service": {
          "status": 2
        }
      }
    },
    {
      "client_info": {
        "mobilesdk_app_id": "1:705173625703:android:c533939278ad8981",
        "android_client_info": {
          "package_name": "com.ob.ZIMLApp"
        }
      },
      "oauth_client": [
        {
          "client_id": "705173625703-pf0f8t5ego0f19ah7h77uabm1iup2ph0.apps.googleusercontent.com",
          "client_type": 3
        }
      ],
      "api_key": [
        {
          "current_key": "AIzaSyD7fIj2Xsz6oPvmtLrpQdMB62bf8ie4Ah0"
        }
      ],
      "services": {
        "analytics_service": {
          "status": 1
        },
        "appinvite_service": {
          "status": 1,
          "other_platform_oauth_client": []
        },
        "ads_service": {
          "status": 2
        }
      }
    }
  ],
  "configuration_version": "1"
}